题目ID,任务名称,学科一级分类,学科二级分类,题目难度,任务概要,涉及的专业软件,包含的操作类型,任务prompt‼️,输入数据包（压缩包）‼️,reference（压缩包）‼️,关键标准答案‼️,关键动作,评分表（直接输入内容或使用txt文档）‼️,本项任务的环境依赖,相关专业软件的关键步骤,任务规格转化（excel或txt文档）,是否支持Windows
,回调验签Secret轮换,"Computing, Data & Mathematical Sciences 计算、数据与数学科学",基础设施工程与云运维,高,回调验签服务将在维护窗切换HMACSecret。Chart需要先同时挂载新旧两代Secret，再启用新钥并安排旧钥退场。发布评审人通过阶段清单和引用台账核对变更，Secret正文仍由平台密钥组保管。,Helm,领域专业软件操作、文件和数据处理、脚本/命令/程序化处理、结果验证,"周四晚间要轮换回调验签服务使用的HMACSecret。现有Chart只挂载activeKey，若直接切到新钥，仍在途的旧签名会失去验证窗口。平台密钥组已经创建两代Secret，本次发布不处理密钥正文。

secret_registry.csv登记Secret名称和键名，phase_plan.csv给出轮换顺序，rotation_contract.json记录对象与安全边界。change_request.md说明维护窗口和回滚材料，starter目录保存当前Chart。

调整Chart，让Deployment按acceptedKeys顺序投影Secret，ConfigMap和容器配置使用同一组active与accepted值。rotationRevision进入ConfigMap和Pod注解。Chart不能创建Secret对象，activeKey缺席或引用未登记Secret时应停止生成清单。

用Helm整理各阶段清单，记录每个阶段引用的Secret、挂载路径和对象身份。把完整Chart、阶段清单、轮换台账、Secret引用核对表和变更说明交给发布评审人，维护窗值班据此安排上线与回滚。",输入数据包.zip,reference.zip,关键标准答案.xlsx,"核对Secret登记表、轮换计划、变更申请和当前Chart之间的对应关系。
按阶段整理activeKey、acceptedKeys和rotationRevision，确认旧钥退场顺序。
修改Chart，使Deployment只引用平台托管Secret并按acceptedKeys建立投影。
同步ConfigMap、容器环境变量和Pod注解中的阶段配置。
使用Helm生成阶段清单，整理轮换台账与Secret引用核对表。
汇总发布影响和回滚材料，交给发布评审人与维护窗值班。","检查项：交付材料与执行入口
优先级：Gate项
所属层级：L1任务指令遵循层
标准答案：output包含chart、rendered、reports、change_note.md和README.md，chart是完整HelmChart，rendered与reports由输入材料重新生成。
关键字段：固定交付路径、Chart.yaml、values.schema.json、阶段清单、两张报告和说明文件。
容差：说明文字和代码注释可以变化，答案清单中的路径不得缺失。
失败边界：缺少完整Chart、任一阶段清单、轮换台账、Secret引用核对表或变更说明。
可观察证据：交付目录、构建入口退出码和Reference文件树。
客观硬性标准：答案清单中的全部路径存在且可读，构建入口返回0。
阈值：路径命中率为100%，少一项即失败。

检查项：Secret登记与阶段材料使用
优先级：Gate项
所属层级：L5多源关联与字段一致性层
标准答案：secret_registry.csv中的key_id、Secret名称和键名进入Chart引用，phase_plan.csv中的阶段、顺序、activeKey、acceptedKeys和rotationRevision进入清单与台账，change_request.md的窗口和回滚安排进入变更说明。
关键字段：key_id、secret_name、secret_key、phase、sequence、active_key、accepted_keys和rotation_revision。
容差：CSV行序可以变化，按key_id或phase比较。
失败边界：漏用主要输入、引用未登记Secret、阶段顺序错位或变更说明与申请不一致。
可观察证据：全部输入材料、values文件、阶段清单、rotation_ledger.csv和change_note.md。
客观硬性标准：输入主键与交付物引用逐项可追溯，缺失和额外引用均为0。
阈值：两代Secret与全部阶段记录100%对应。

检查项：轮换顺序与验签窗口
优先级：Gate项
所属层级：L6领域计算与专业规则层
标准答案：steady阶段active为g17且accepted为g17，preload阶段active为g17且accepted为g17与g18，activate阶段active为g18且accepted仍为g17与g18，retire阶段active为g18且accepted只保留g18。
关键字段：phase、sequence、activeKey和acceptedKeys。
容差：字段值无容差，YAML键序可以变化。
失败边界：新钥未预载就启用、启用新钥时提前移除旧钥、退场后仍引用旧钥或activeKey不在acceptedKeys中。
可观察证据：phase_plan.csv、阶段values、ConfigMap、Pod注解和rotation_ledger.csv。
客观硬性标准：四个阶段的active与accepted集合逐项匹配计划。
阈值：四阶段全部匹配，任一阶段偏差即失败。

检查项：外部Secret引用边界
优先级：Gate项
所属层级：L7产物结构层
标准答案：Chart不生成Secret对象，只在Deployment的projected volume中引用登记表中的Secret名称和键名，路径按key_id写成对应key文件。
关键字段：kind、volumes.projected.sources、secret.name、items.key和items.path。
容差：清单文档顺序和YAML键序可以变化，投影顺序与acceptedKeys一致。
失败边界：出现Secret对象、出现data或stringData、引用未登记名称或键名、投影缺项或路径碰撞。
可观察证据：secret_registry.csv、Chart模板、全部阶段清单和secret_reference_review.csv。
客观硬性标准：Secret对象数为0，投影引用与acceptedKeys及登记表完全相等。
阈值：多余引用、缺失引用和字段偏差均为0。

检查项：工作负载阶段配置
优先级：高权重项
所属层级：L7产物结构层
标准答案：ConfigMap记录phase、rotationRevision、activeKey和acceptedKeys；容器通过configMapKeyRef读取active与accepted；Pod注解记录phase、activeKey和rotationRevision。
关键字段：ConfigMap.data、containers.env.valueFrom.configMapKeyRef和template.metadata.annotations。
容差：环境变量和注解顺序可以变化，字段值精确匹配。
失败边界：ConfigMap、容器配置与Pod注解使用不同阶段值，或把阶段值硬编码在容器环境中。
可观察证据：阶段values、ConfigMap、Deployment和rotation_ledger.csv。
客观硬性标准：每个阶段的三处配置都与phase_plan.csv相同。
阈值：字段偏差数为0。

检查项：HelmChart有效性与对象身份
优先级：Gate项
所属层级：L8运行验证层
标准答案：helm lint通过，各阶段helm template成功；清单至少包含callback-system中的ConfigMap、Deployment和Service，三个合同对象身份唯一。
关键字段：Chart元数据、metadata.namespace、metadata.name和对象kind。
容差：允许增加不改变轮换边界的同命名空间工程对象，合同对象不可缺失或重复。
失败边界：lint或template失败，必需对象缺失、重复、改名或位于其他命名空间。
可观察证据：Helm退出码、阶段清单和rotation_contract.json。
客观硬性标准：必需对象主键集合全部命中且唯一。
阈值：三个合同对象的缺失数与重复数均为0。

检查项：错误配置停止输出
优先级：高权重项
所属层级：L10抗投机与反作弊层
标准答案：activeKey不在acceptedKeys中，或acceptedKeys引用未登记代号时，Chart自身拒绝渲染，Helm返回非0且标准输出为空。
关键字段：模板校验、Helm退出码、stdout和stderr定位信息。
容差：错误文字可以变化，需要能定位active缺席或Secret引用缺失。
失败边界：依靠外部脚本先拦截、Helm返回0、输出部分清单或静默替换引用。
可观察证据：Chart helper、构造的错误values、Helm进程退出码及输出。
客观硬性标准：两类错误均由helm template失败关闭且不产生可用清单。
阈值：两类错误各通过一次，任一类未关闭即失败。

检查项：报告与变更说明一致性
优先级：普通项
所属层级：L9跨产物一致性与可追溯层
标准答案：rotation_ledger.csv按阶段记录修订号、active、accepted、Secret名称、挂载路径和清单路径；secret_reference_review.csv逐条连接阶段、key_id、Secret名称、键名、路径和登记状态；change_note.md说明preload、activate、retire顺序、回滚材料和岗位分工。
关键字段：两张CSV的固定表头、阶段主键、投影顺序和变更说明事实。
容差：报告行序和说明段落顺序可以变化，业务主键及字段值不可变化。
失败边界：报告不能从清单复算、跨文件引用断链、把候选清单写成已上线状态或遗漏回滚阶段。
可观察证据：全部阶段清单、两张报告、change_request.md和change_note.md。
客观硬性标准：两张报告与清单逐字段相等，变更说明的窗口、回滚和职责与申请一致。
阈值：跨产物差异数和必需事实缺失数均为0。","支持的操作系统为Windows11，使用原生PowerShell运行helm.exe。

主软件为Helm3.18.4，用于检查Chart并生成阶段清单。辅助工具为Python3.12和PyYAML6.0.2，用于读取CSV、解析YAML并整理台账。Helm按ApacheLicense2.0使用，PyYAML按MIT许可使用。

安装指定版本工具时可以联网，开始处理材料后不访问KubernetesAPI、OCI仓库、外部密钥服务或其他网络服务。工作只需要读取输入目录并写入本地输出目录，不需要集群账号或云权限。

输入材料是脱敏的发布登记，只包含Secret名称、键名和状态，不含密钥正文、访问令牌或个人信息。主要风险是过早移除旧钥、把未登记Secret带入清单，或让Chart越过平台密钥组的职责创建Secret。","1.读取Secret登记表、轮换计划和变更申请，核对阶段顺序与对象边界。
2.调整values.schema.json和模板校验，约束activeKey与acceptedKeys的关系。
3.按acceptedKeys生成projected volume引用，使用登记表中的Secret名称和键名。
4.同步ConfigMap、容器环境变量和Pod注解中的阶段值。
5.运行helm lint检查Chart，按phase_plan.csv逐阶段执行helm template。
6.解析Helm清单，整理轮换台账、Secret引用核对表和变更说明。",任务规格转化.xlsx,是
